name,filename
aashnashroff,aashnashroff.csv
aditi_budhathoki,aditi_budhathoki.csv
aditiraohydari,aditiraohydari.csv
agnijitabanerjee,agnijitabanerjee.csv
alanschaller,agnijitabanerjee.csv
albertdros,aashnashroff.csv
alexandralapp_,alexandralapp_.csv
aliaabhatt,aliaabhatt.csv
amivitale,ariadibari.csv
andy_best,andy_best.csv
antoninochef,antoninochef.csv
aradhana.nayar,ariadibari.csv
aratikumarrao,andy_best.csv
ariadibari,ariadibari.csv
arianagrande,arianagrande.csv
armaanmalik,armaanmalik.csv
babaktafreshi,charliechauhan.csv
billieeilish,billieeilish.csv
bipashabasu,billieeilish.csv
callumSnape,daniel_ernst.csv
camila_cabello,camila_cabello.csv
cardib,camila_cabello.csv
charliechauhan,charliechauhan.csv
chrisburkard,coryrichards.csv
chrisevans,chrisevans.csv
chrissyteigen,chrissyteigen.csv
coryrichards,coryrichards.csv
Cristina Mittermeier,diipakhosla.csv
cubbygraham,coryrichards.csv
daniel_ernst,daniel_ernst.csv
danielkordan,daniel_ernst.csv
Danielle Bernstein,ektaj222.csv
darshanraval,darshanravaldz.csv
David Guttenfelder,ektaj222.csv
davidbeckham,davidbeckham.csv
davidchang,davidchang.csv
deepikapadukone,taylorswift.csv
demilovato,taylorswift.csv
diipakhosla,diipakhosla.csv
dimaovtcharov,dimaovtcharov.csv
dishapatani,dishapatani.csv
dotzsoh,dotzsoh.csv
dylan furst,dotzsoh.csv
ektajaggi,ektaj222.csv
Ella Mills,emmett_sparling.csv
emmawatson,emmawatson.csv
emmett_sparling,emmett_sparling.csv
gaby,whatsgabycookin.csv
gaurimehtaa,gaurimehtaa.csv
gemmatalbot,gemmatalbot.csv
gigihadid,gigihadid.csv
gordongramsay,gordongram.csv
gururandhawa,ileana_official.csv
hardikpandya,hardikpandya93.csv
hashimbadani,gaurimehtaa.csv
Heena M Panchal,imjennim.csv
ileanaDcruz,ileana_official.csv
indiapictures,juhigodambe.csv
indiapictures,juhigodambe.csv
jenn im,imjennim.csv
jennifer lopez,jlo.csv
juhigodambe,juhigodambe.csv
justinbieber,justinbieber.csv
karima kazan,ketikasharma.csv
karima kazan,ketikasharma.csv
Karron S Dhinggra,marianodivaio.csv
katrinakaif,katrinakaif.csv
katyperry,katyperry.csv
kendalljenner,kendalljenner.csv
ketikasharma,ketikasharma.csv
kirandeep kaur,komalpandeyofficial.csv
komalpandey,komalpandeyofficial.csv
Kritika Khurana,komalpandeyofficial.csv
kyliejenner,kyliejenner.csv
kyliejshot,kyliejshot.csv
malvikasharma,malvikasharmaofficial.csv
malvikasitlani,malvikasitlaniofficial.csv
MARIAM,marianodivaio.csv
maxHolloway,kyliejshot.csv
Michaela Vais,milliebobbybrown.csv
milliebobbybrown,milliebobbybrown.csv
mirzasania,mirzasaniar.csv
mohammed muheisen,niallhoran.csv
nehakakkar,nehakakkar.csv
newdarlings,newdarlings.csv
neymarjr,neymarjr.csv
niallhoran,niallhoran.csv
nickiminaj,nickiminaj.csv
nigellalawson,nigellalawson.csv
obafemi,obafemi_36.csv
odembele,o.dembele7.csv
ottolenghi,ottolenghi.csv
paulnicklen,ottolenghi.csv
paulodybala,paulodybala.csv
pavii_padukone,pavii_padukone.csv
payal rajput,rajputpaayal.csv
pchan31,pchan31.csv
philCohen,pchan31.csv
pinchofyum,pinchofyum.csv
pketron,pketron.csv
Pooja Mundhra,pketron.csv
prajakta dusane,praju_starlet.csv
priyankachopra,priyankachopra.csv
priyankatyagi,purbaasha.csv
purbaasha Das,purbaasha.csv
pvsindhu1,ranveersingh.csv
Rachel Maser,ranjanagodara09.csv
Rachel Maser,ranjanagodara09.csv
rachstewartnz,ruma_sharmaa.csv
ranjanagodara09,ranjanagodara09.csv
ranveersingh,ranveersingh.csv
Ree Drummond,ruma_sharmaa.csv
Rena,saanvidhiman.csv
richi.shah,sheetalthakur.csv
rihanna,badgalriri.csv
Rii,riimusicofficial.csv
robertdowneyjr,robertdowneyjr.csv
rohitsharma,rohitsharma45.csv
ruma_sharmaa,ruma_sharmaa.csv
saanvidhiman,saanvidhiman.csv
sakshimalikk,shrutzhaasan.csv
salmankhan,shraddhakapoor.csv
Sam Schnur,santoshishetty.csv
santoshishetty,santoshishetty.csv
selenagomez,selenagomez.csv
serenawilliams,selenagomez.csv
shakira,shakira.csv
sheetalthakur,sheetalthakur.csv
shivani.singhh,testkitchen.csv
shoaibmalik,realshoaibmalik.csv
SHONDA,shonda1020.csv
shraddhakapoor,shraddhakapoor.csv
shrutzhaasan,shrutzhaasan.csv
siddharthajoshi,snoopdogg.csv
snoopdogg,snoopdogg.csv
sonakshiSinha,aslisona.csv
srikanth_kidambi,shrutzhaasan.csv
stevemccurry,testkitchen.csv
stianmklo,symmetrybreakfast.csv
sureshraina,sureshraina3.csv
symmetrybreakfast,symmetrybreakfast.csv
taylorswift,taylorswift.csv
testkitchen,testkitchen.csv
thomasroehler,zaarayesmin.csv
Tieghan Gerard,zaarayesmin.csv
timLandis,testkitchen.csv
traveller.chris,yovana.csv
urvashirautela,urvashirautela.csv
virat.kohli,urvashirautela.csv
vutheara,zendaya.csv
yamashitaphoto,zendaya.csv
yovana,yovana.csv
Yumna,zendaya.csv
zaarayesmin,zaarayesmin.csv
zendaya,zendaya.csv
jamieoliver,zaarayesmin.csv
jasoncharleshill,yovana.csv
jbalvin,urvashirautela.csv
jimmychin,testkitchen.csv
jn,symmetrybreakfast.csv
johnstanmeyer,sureshraina3.csv
jordi.koalitic,symmetrybreakfast.csv
juju,taylorswift.csv
karimbenzema,shakira.csv
Kevinruss,sheetalthakur.csv
khloekardashian,testkitchen.csv
kimkardashian,realshoaibmalik.csv
kohki,shonda1020.csv
kyle_lowry,neymarjr.csv
ladzinski,niallhoran.csv
liampayne,nickiminaj.csv
manfredbaumann,nigellalawson.csv
marianodivaio,obafemi_36.csv
mariasharapova,o.dembele7.csv
markmcmorris,ottolenghi.csv
marthastewart,ottolenghi.csv
meowmeix,paulodybala.csv
mileycyrus,pavii_padukone.csv
minimalistbaker,aashnashroff.csv
mirzasania,alexandralapp_.csv
